编号,问题,答案
1,"请在以下四个选项中选择一个最合适的答案。 你认为在这个世界上，人与人之间的关系常常是怎样的？
A: 真诚合作
B: 胡乱握手与刺杀
C: 互相帮助
D: 和睦相处",B
2,"请在以下四个选项中选择一个最合适的答案。 你提到文学的普遍性和永久性，为什么认为这个目标很难实现？
A: 因为文学作品很少
B: 因为人们对文学不感兴趣
C: 因为不同人之间存在巨大的理解差异
D: 因为作家的作品质量不高",C
3,"请在以下四个选项中选择一个最合适的答案。 对于私人医院的情况，你发表了什么看法？
A: 私人医院比大医院更为可靠
B: 私人医院的诊金和药价都比较昂贵
C: 私人医院医生的水平参差不齐
D: 私人医院对病人的态度较为冷漠",B
4,"请在以下四个选项中选择一个最合适的答案。 你认为“运命说”对治国平天下有否足够的作用？
A: 你认为是毫不足以治国平天下。
B: 你认为是有时能起到一些作用。
C: 你认为是完全可以依赖运命说。
D: 你认为是关键在于使用得当。",A
5,"请在以下四个选项中选择一个最合适的答案。 你在文章中多次提到对柔石的感受，你是如何形容他的性格的？
A: 自私自利、冷酷无情
B: 柔顺温和、逆来顺受
C: 胆小懦弱、无所作为
D: 迂腐但相信人们是好的",D
